"Txhash","Blockno","UnixTimestamp","DateTime","From","To","ContractAddress","Value_IN(ETH)","Value_OUT(ETH)","CurrentValue @ $2675.01/Eth","TxnFee(ETH)","TxnFee(USD)","Historical $Price/Eth","Status","ErrCode","Method"
"0xf2d402727ef864069bae043ccb8418f7eec562905b5d2bcd599fb84ea24fbd22","14027711","1642484466","2022-01-18 05:41:06","0x73a213df0f967dcb6b9dde0cb2462c128d3fc580","0xa2f987a546d4cd1c607ee8141276876c26b72bdf","","0","0","0","0.0108620302386348","29.0560395086505","3161.50","","","Withdraw",""
"0xd4826c2869f903b08f802491019b733153ed395424aea9f96f0938bc401e43c1","14031917","1642540377","2022-01-18 21:12:57","0x73a213df0f967dcb6b9dde0cb2462c128d3fc580","0xae7ab96520de3a18e5e111b5eaab095312d7fe84","","0","0","0","0.005366935","14.35660479435","3161.50","","","Approve",""
"0xd6357f09230ff575585676a154a462fefb0ee407d9e32c2fdbf3ac9747ec591a","14031929","1642540507","2022-01-18 21:15:07","0x73a213df0f967dcb6b9dde0cb2462c128d3fc580","0x1111111254fb6c44bac0bed2854e76f90643097d","","0","0","0","0.01809198","48.3962274198","3161.50","","","0x7c025200",""
"0x991b91c274a5a10043d6061aaece5c62f08537847a1f2088f322f91fe7147b26","14048124","1642757083","2022-01-21 09:24:43","0x73a213df0f967dcb6b9dde0cb2462c128d3fc580","0xc36442b4a4522e871399cd717abdd847ab11fe88","","0","0","0","0.02393098741492684","64.0156306448035","2569.59","","","Multicall",""
"0xbec6e12cdba5d1cfba3213691c6521df6bb0b28b7c9f312c8111726449485403","14048128","1642757113","2022-01-21 09:25:13","0x73a213df0f967dcb6b9dde0cb2462c128d3fc580","0xc36442b4a4522e871399cd717abdd847ab11fe88","","0","0","0","0.020557343473142112","54.9910993640899","2569.59","","","Multicall",""
"0x963aae8a46fea8007454be710b5f9d98e4b351cf762b88e5ff8ae566cd774717","14048138","1642757260","2022-01-21 09:27:40","0x73a213df0f967dcb6b9dde0cb2462c128d3fc580","0xaa6e8127831c9de45ae56bb1b0d4d4da6e5665bd","","0","0","0","0.003922968","10.49397862968","2569.59","","","Approve",""
"0xe80f995e02af6c32dfd528e0b5b0bb2d2576d910b57a500a6cb1dc4ffb357f5b","14048187","1642757926","2022-01-21 09:38:46","0x73a213df0f967dcb6b9dde0cb2462c128d3fc580","0x68b3465833fb72a70ecdf485e0e4c7bd8665fc45","","0","0","0","0.016288409736969951","43.571658930492","2569.59","","","Multicall",""
"0xff1039c2a67dfbb7aae9e0e01a5e71008f4f79e4a6c86e77d95a3b438099039b","14048215","1642758271","2022-01-21 09:44:31","0x73a213df0f967dcb6b9dde0cb2462c128d3fc580","0xcc4304a31d09258b0029ea7fe63d032f52e44efe","","0","0","0","0.004954225","13.25260141725","2569.59","","","Approve",""
"0x69d5dbb5c54289529b5801589fc98adf498e1c983e61d855ad983b79ae8b279e","14048257","1642758815","2022-01-21 09:53:35","0x73a213df0f967dcb6b9dde0cb2462c128d3fc580","0x1111111254fb6c44bac0bed2854e76f90643097d","","0","0","0","0.0147006965186808","39.3245101944363","2569.59","","","Uniswap V3Swap",""
"0x2f9204645088bc14a2abbd4bc57b84baa7104361a5cad3c1c257c0df4727ee9f","14065566","1642989945","2022-01-24 02:05:45","0x73a213df0f967dcb6b9dde0cb2462c128d3fc580","0x1111111254fb6c44bac0bed2854e76f90643097d","","0","27.5","73562.775","0.0101332","27.106411332","2442.27","","","0x7c025200",""
"0xfc49575e3ce593d76c423ebafc8869b2c15e269407b2f071f354da1566b6306e","14065585","1642990191","2022-01-24 02:09:51","0x73a213df0f967dcb6b9dde0cb2462c128d3fc580","0xc02aaa39b223fe8d0a0e5c4f27ead9083c756cc2","","0","0","0","0.002840729472299784","7.59897974569665","2442.27","","","Transfer",""
